generation,tempsmin,tempsmax,tempsmoy
2,10.35732149999967,18.39154679999774,15.169182066666812
3,9.478780900004494,23.810323199999402,16.680561458333006
4,11.08970149999368,21.38130039999669,17.164126249997935
5,12.96436160000303,21.260126799999853,17.883303324999968
6,12.267694900001516,19.526221899999655,16.893899325000046
7,13.685122400005639,23.379546100004518,18.49247964999995
8,13.818975199996203,23.26382449999801,18.194029349999255
9,14.941780500004825,28.378876800001308,21.40148090000063
10,19.54808619999676,30.94210440000461,24.273422191667123
11,16.566090300002543,29.337864400004037,22.857366658334286
12,15.114484400000947,28.86027629999444,23.901994183332743
13,17.01167279999936,28.967130400000315,25.653756975001063
14,19.385406699999294,31.570553800003836,27.440436924999933
15,17.280659500000183,32.07057809999969,26.32856452499982
16,22.617692400002852,32.071039599999494,28.087520749999385
17,24.115116499997384,34.51918160000059,29.616599091666405
18,16.61080629999924,33.97846930000378,25.308897508333757
19,26.21634669999912,35.38932249999925,31.268979258333882
20,20.438823600001342,40.16145289999986,31.241536333333595
21,20.450540799996816,37.34372909999365,30.359152508333864
22,15.13114399999904,36.26437160000205,28.95348915833347
23,25.322461400006432,37.68499559999327,31.85938374166714
24,27.889120100000582,36.856471999999485,33.01642020833424
25,20.99400869999954,40.86130669999693,34.220500791667895
26,21.640651799993066,37.71683219999977,32.95063940833219
27,28.562023799997405,40.98940169999696,36.01167502499933
28,23.94679890000407,39.48943439999857,33.97626773333104
29,26.02281740000035,41.91329189999669,33.79080322500098
30,26.02124249999906,40.60805249999976,35.26941150833409
31,28.738444299997354,41.9506160000019,36.09742950000024
32,24.533700400003,41.040783100004774,34.70028735000111
33,27.150193600005878,42.70511489999626,36.012059225000485
34,29.533369299999322,43.49441780000052,37.14963440833344
35,30.04494739999791,42.947124400001485,37.615193708333514
36,29.38638070000161,45.36009099999501,38.47055656666695
37,35.37897910000174,49.365347300001304,41.85088564999872
38,32.757302800004254,46.51968370000395,40.55208891666856
39,24.49918510000134,42.548022399998445,35.90557102500012
40,33.20400130000053,45.711093199999596,39.09545567500087
41,27.57285449999472,45.595758299998124,37.49839313333238
42,31.522287500003586,44.0514819999953,40.926119591666065
43,32.93222490000335,47.98651249999966,40.08882865000123
44,27.223981200004346,49.89756789999956,41.968594016666124
45,28.048428900001454,50.79658790000394,42.248254125000436
46,33.54523789999803,52.2140756000008,43.27857715833428
47,35.21151259999897,52.93272930000239,44.565202191666685
48,34.71800280000025,48.3994498999964,41.98392284999803
49,32.19482869999774,53.22510289999627,43.261814983333046
50,33.924885899999936,54.63295420000213,45.2843904333331
51,37.50892130000284,53.164775699995516,45.34578654166702
52,40.10928430000058,54.19716779999726,48.79170798333265
53,39.83858200000395,59.26118100000167,50.08294336666586
54,34.97964830000274,63.9170471000034,49.73844345000119
55,39.27526479999506,60.94769599999563,52.20938454999729
56,39.83887600000162,58.90398670000286,51.187468525001044
57,43.510345500006224,61.88802420000138,54.39876870833359
58,33.71581940000033,61.229861799998616,50.87159346666643
59,37.29872239999531,55.81377159999829,49.173773408332636
60,32.864201199998206,60.48236529999849,50.23729340833294
61,42.56197979999706,61.299326599997585,52.457168591665926
62,37.962817300001916,55.65476510000008,49.35123594999944
63,35.08685449999757,54.79810300000099,47.39924906666662
64,37.0408688000025,56.32604100000026,45.598215350000224
65,36.165834099992935,56.92202730000281,47.46834162499969
66,36.831350100001146,60.77527689999988,48.214762008333615
67,44.670152799997595,59.04101249999803,49.944401966666796
68,29.34026069999527,58.97629140000208,51.12418854999911
69,36.39638710000145,59.111493899996276,52.63524858333343
70,33.184657000005245,60.78915500000585,47.87646880833381
71,35.41544019999856,56.08829559999867,46.206332683332825
72,30.126284799996938,52.329005299994606,44.554211499998324
73,40.36492240000371,58.53572079999867,50.537650916666585
74,39.271066299996164,63.983339499995054,52.509809049999
75,40.07210369999666,60.780348399996,52.08876124166636
76,36.08955330000026,55.20963829999528,47.472383241666954
77,39.8148435999974,59.83163049999712,53.20781124999909
78,37.347229799997876,63.945995900001435,52.05182863333297
79,33.64889630000107,51.242764200003876,45.39962732500074
80,32.02931079999689,55.3540009999997,48.32424729999851
81,23.796690899995156,56.32609560000128,42.01092793333313
82,37.11089250000077,59.666554800001904,49.38817020833388
83,38.56757629999629,87.02880269999878,71.01381744999951
84,52.75695519999863,84.11542850000114,75.92156864999986
85,49.177330400001665,83.28381599999557,70.82730664166654
86,60.437034999995376,78.81185199999891,69.24279575000037
87,55.26723399999901,78.9609782999978,69.89876040000006
88,50.871406899997965,81.71803749999526,70.37758366666579
89,42.99216229999729,61.70894209999824,50.31891084166697
90,38.40355350000027,62.158357699998305,50.811252366666544
91,36.99714979999408,67.97113109999918,55.52618281666704
92,34.37606190000224,63.36569849999796,49.164213249998284
93,43.4148531000028,65.12250060000224,57.23862864166646
94,35.630511299998034,61.29581550000148,50.18245945833405
95,45.71338719999767,70.53320550000353,59.662206600000594
96,40.56623749999562,64.17123009999341,52.725115033331655
97,43.0259842000014,68.08746470000187,56.84415424166642
98,45.5069372999933,67.44902179999917,60.91274448333146
99,39.52389559999574,58.94283449999784,53.83876206666658
100,35.00915299999906,63.26987759999611,49.09390914999858
101,46.314424500000314,70.38129969999864,57.74243871666719
102,46.51626569999644,62.51491879999958,59.14484522500061
103,45.23396910000156,73.62704790000134,61.644429525000305
104,47.491294300001755,68.90208629999688,57.96361745000104
105,51.327418200002285,72.69484259999444,62.77899013333202
106,46.93191310000111,67.06385139999475,59.61029345833291
107,49.02171150000504,75.52711219999765,66.53295382500134
108,48.97466500000155,73.41599779999524,63.1340462499993
109,50.2088447999995,73.53087320000486,64.27887720833314
110,49.790995100003784,74.36605000000418,64.59446087500207
111,53.217898000002606,72.26119359999575,66.3269690916671
112,51.558664200005296,73.39796940000087,63.55345433333423
113,54.59135160000005,74.65157940000063,66.32173975833393
114,41.94089870000607,75.50880699999834,65.21504625000125
115,42.62939909999841,70.61767580000014,58.03018155833282
116,43.93027250000159,71.38249209999776,57.88413097499991
117,47.29507680000097,73.85873929999798,62.123540916666265
118,48.982893300002615,68.33174149999832,60.66163360833283
119,51.98560780000116,71.19752000000153,61.25569401666629
120,39.32473890000256,77.42380640000192,58.68538488333252
121,49.84491240000352,65.79471270000067,58.856200950001345
122,44.61178540000401,72.43239699999685,60.424319408333155
123,49.89814260000276,76.70132230000308,63.45688303333494
124,43.217503599997144,84.01764849999745,69.13043596666587
125,48.88267210000049,65.09695439999632,59.03878829166812
126,49.065781499994046,75.28040860000328,67.4188305166681
127,48.495648600001005,81.72351479999634,67.1475929666661
128,55.05264569999417,76.27267089999805,67.78593130833299
129,47.11626509999769,81.37270269999863,64.6853978333329
130,45.657945600003586,87.31837339999765,65.91036715833313
131,50.80261800000153,79.81084440000268,67.92791177500112
132,50.37619490000361,77.64514260000578,64.8511543583348
133,40.695386600003985,79.43164019999676,65.396957925
134,49.38360620000458,82.46411269999953,67.0598451499997
135,44.62818930000503,84.52940890000173,73.2915986416665
136,57.735358899997664,85.12280149999424,71.95688556666512
137,58.755689199999324,85.56374090000463,76.70170523333218
138,48.06588489999558,82.17534629999864,67.34795051666576
139,51.668675200002326,82.34548270000232,66.51582260000093
140,45.64334740000049,85.79738550000184,71.34800045000036
141,53.74022789999435,83.90584859999944,69.58203809166419
142,55.401785900001414,78.494958700001,69.00520325833106
143,57.97353850000218,80.02718720000121,67.65659609166748
144,53.83454300000449,87.8622858000017,69.57219710000027
145,54.52866660000291,78.31969350000145,67.84254320833377
146,60.632954500004416,80.48277429999871,72.0496844750002
147,47.11797690000094,80.69805340000312,69.2062110666684
148,51.441840699997556,84.66033839999727,70.48544749166649
149,59.800560399999085,77.51248189999751,70.1429807250006
150,64.18132340000011,79.72567329999583,73.63314250833234
151,62.93693519999215,79.92465429998992,71.58986076666406
152,55.60011040000245,83.20361240000057,71.50518996666506
153,55.89783060000627,80.74074510000355,72.00176775000243
154,51.46374240001023,78.75394070000038,66.53727734999968
155,51.34787440000218,75.94864719999896,67.1474484833343
156,58.89568350001355,83.21564249999938,71.17193404999973
157,51.13935360001051,80.24507959999028,67.75789492500189
158,52.78983199999493,86.43729580000218,73.32669690832942
159,58.58708420000039,81.12201890000142,70.78718404999988
160,56.59284559999651,79.98625119999633,68.84468025833
161,51.92797169998812,87.87069599999813,71.60586598333005
162,64.87987469999644,86.73586869999417,76.91470338333117
163,59.35979740000039,88.04884129999846,75.5471978500027
164,66.66908730000432,91.12706159999652,77.82743891666541
165,53.61978370000725,76.95887740000035,69.64496835000197
166,52.15979770000558,82.26930289999291,68.87950630833318
167,57.62126790000184,82.65543980000075,71.91508266666763
168,60.38984530000016,82.38656849999097,72.63369215833275
169,56.79657020000741,84.25878629999352,69.40875059166865
170,59.89211340001202,87.00189889999456,71.20693383333492
171,56.76554780000879,82.62669379998988,72.17284263333568
172,53.11271650000708,80.67826679999416,68.62580904166923
173,49.465123599991784,70.66452799999388,61.40751169166591
174,52.633757199990214,86.14502260000154,73.69139236666645
175,57.99435639999865,74.96632540000428,66.05112370833376
176,43.16516839999531,74.99819379999826,63.25460822500221
177,53.91999320000468,71.60842140000022,64.8774484416681
178,54.81252089999907,74.80283339999733,68.80704113333438
179,54.97065229999134,80.7361252999981,67.74227517499942
180,54.77014379999309,83.53976859999239,68.54318621666243
181,60.36339620000217,85.3334337999986,73.23060343332934
182,55.498515600003884,84.76214580000669,75.23264852500022
183,56.9521420999954,87.22616129998642,75.52807289999812
184,52.0553254000115,78.56048879999435,68.31250742500197
185,59.194803599995794,83.65286659999401,68.18020319999899
186,47.48100330001034,73.42416130000493,62.02059875833705
187,47.55835520000255,83.4253405000054,71.61035607499798
188,56.26095239999995,82.86929919999966,72.71032110833039
189,56.88120319999871,100.81297970000014,77.35129922499982
190,62.98237240000162,89.88192139999592,76.68244369999957
191,62.23412019999523,88.29216799999995,76.1922862249994
192,62.080346800008556,90.88883650000207,77.72058478333201
193,63.24517239999841,81.95029140000406,73.70402601666622
194,63.42596900000353,92.98568550001073,78.90130045833332
195,66.18777299999783,88.98554190000868,78.62990680833416
196,69.72959979998996,93.59272130001045,82.61835539999932
197,65.26528209999378,95.13555940000515,81.33156234167109
198,59.300846099999035,90.63577090000035,74.67748353333324
199,55.03915970001253,91.35282949999964,76.12709790833105
200,62.04723879999074,92.45526929998596,74.44321149166596
201,54.24534880000283,75.18323819999932,66.71318234166635
202,58.86967859999277,78.30475029999798,70.2876658999982
203,64.64081129999249,89.47663679999823,78.49038739999985
204,60.422685600002296,92.43030370000633,77.04499235000064
205,62.46213240000361,91.13745190000918,78.23177360833627
206,66.81335810000019,86.34587290001218,76.88783130833326
207,65.65180479999981,96.4845476999908,80.47723184999752
208,67.09269559998938,95.2371792000049,82.05129924166492
209,67.27480389999982,93.52938619999622,80.85048956666651
210,62.73363309999695,93.42293600000266,80.52469040000385
211,66.03193050000118,97.98873090000416,85.53880316666498
212,69.47004710001056,96.28766729999916,87.31299026666966
213,71.84852650000539,98.11739650000527,89.0481898166666
214,67.94853010000952,96.54182199999923,84.30677528333278
215,68.18490930000553,100.31356779999624,89.07338880833413
216,69.63496189999569,97.56466109999747,86.0321175416672
217,69.6970941000036,102.92176120000659,86.82018997499956
218,72.76790780000738,95.32772339999792,85.36724513333077
219,71.81706789998861,97.08166690000508,85.38737449999947
220,79.21973029999936,103.14120900000853,94.84058831666577
221,64.59338159998879,108.59269760000461,92.28371014999964
222,71.53325550000591,101.87450039999385,92.28861434999878
223,67.47758160000376,91.20519330000388,81.12724429166944
224,71.93052049999824,102.10772269999143,92.00496573333294
225,65.44041239999933,104.1471007999935,88.03349954999673
226,74.7068975000002,103.20642069999303,88.62766642499871
227,68.4065505000035,99.84896509999817,85.41500868333362
228,70.5924750000122,95.86833500000648,85.64254230833224
229,68.17609930000617,110.24146119999932,94.14323384166589
230,76.86326090000512,105.27718820000882,94.16443420833336
231,71.12042479999945,105.99452680000104,94.60864256666657
232,66.21596289999434,97.3803467000107,84.93899724166477
233,74.2803614000004,106.3140160000039,90.16052194166575
234,80.8599353999889,104.94731199998932,91.41519436666204
235,69.1460134999943,105.12272729999677,93.11248862500118
236,75.15516550000757,101.72564150000107,90.27626075000323
237,75.14529640000546,95.50929380000161,85.89123173333307
238,70.75270050000108,99.44811260000279,85.97795517500224
239,74.16929570000502,96.62989230001403,85.78084697500042
240,70.38338780000049,107.62694760000159,93.33394652499919
241,72.62795199999528,100.05928290000884,86.21774238333455
242,73.35235159999866,107.82702019999851,92.18691899167
243,74.52464210000471,101.53267889999552,91.06465373333413
244,80.2062711000035,107.54820789999212,93.92251176666589
245,73.58375659999729,111.51271989999805,94.0129610833319
246,74.12199519999558,106.22499789998983,91.46241187499861
247,77.189918700009,109.50588209999842,94.93221067500174
248,80.42574859999877,111.26936710000155,92.92564695833426
249,78.53151050000452,110.59548570000334,90.4832493749988
250,77.8845244999975,99.69425200000114,90.28454521666815
251,69.89661070000147,110.05703250000079,93.08058516666642
252,77.98921319999499,108.85640930000227,90.93250349999653
253,68.0523317999905,104.57323429999815,90.03331061666661
254,77.70724219999101,107.68555350000679,87.63262465000055
255,80.27790509999613,113.7060630999913,96.72525119166555
256,75.04843779999646,106.54262019999442,96.30477417499908
257,68.38692050000827,109.1367501999921,94.34585953333469
258,73.76335890000337,105.37682600000699,93.69537939166791
259,78.10208160000911,109.34074830000463,94.02923419166473
260,71.558097000001,109.86277680000057,93.88610202500179
261,77.84028619999299,109.42471870000008,95.17612510833351
262,80.22206510000979,96.19550460000755,89.72824486666529
263,78.40373420000833,104.03479599999264,93.8029072666662
264,76.29779540000891,105.2718268000026,89.32723645833418
265,69.01711080000678,110.36644360001083,91.06721897500272
266,71.77338960001362,108.21638650000386,89.18617780833301
267,73.97697460000927,112.02662839999539,93.04402175833457
268,77.48133779999625,112.7728008999984,98.50183249999584
269,79.16756479999458,113.52693149998959,93.99890329166494
270,78.09872330000508,104.21781839999312,94.72355230833516
271,77.89569210000627,112.93281349999597,97.86897230833347
272,83.7711460999999,108.7009795000049,98.13979674166694
273,84.30860689999827,111.70153820000996,100.87471170833305
274,81.0544574999949,111.65781210000569,97.8032406500012
275,82.39497589999519,115.87447680000332,100.02497592500124
276,78.06903990000137,117.19160629999533,95.7465953166696
277,83.76229729999613,106.61184450000292,97.80354373333346
278,83.0560048000043,122.63214780000271,102.79737165000309
279,85.12734849999833,111.35573209999711,98.63915403333158
280,73.85990470000252,113.41523939999752,101.09669348333652
281,84.43975320000027,112.20908329999656,101.25520093333034
282,86.15808829999878,111.48757209999894,104.47798174166626
283,81.93471649999265,113.11337550000462,98.69056530833525
284,89.57767770001374,121.26994550001109,110.45195480000136
285,78.41458509999211,113.79687400000694,102.89097033333262
286,82.72245510001085,112.7809702999948,99.78500218333284
287,88.05615209999087,122.58049780000874,102.54893229166676
288,83.4270691999991,115.48882889999368,102.9810618666658
289,71.6698497999896,122.7876580000011,102.4443703416667
290,83.7910023000004,110.19402010001068,102.20281858333692
291,90.61270769999828,129.73786750000727,111.90156869166701
292,90.47321480000392,125.13022010000714,110.56604876666582
293,85.56803770000988,125.23315080000611,106.35082892500334
294,85.9168697999994,120.53427069999452,108.0337112916665
295,89.03888829999778,121.7466293000034,101.34011544166788
296,84.73780600000464,121.66665309999371,110.31905154166573
297,93.70840459999454,126.9103604999982,114.16524696666481
298,90.59604999999283,131.30924279999454,111.97199379166462
299,88.13433300000906,125.76635159998841,112.06150121666603
300,92.11688729999878,125.00074499999755,115.0125819833338
301,82.7437418000045,121.05036680000194,106.01365226666894
302,90.92777609999757,121.95868899999186,110.41884550000395
303,92.84881929999392,124.05126469999959,108.24619809166688
304,87.73138440000184,119.48072079999838,106.89083765833372
305,92.2175006000034,122.56527779999305,109.37656019166752
306,92.01459809999506,128.97149999999965,110.98467469166523
307,88.12906629999634,133.4039291000081,112.80823621666666
308,84.51833660001284,128.23206320000463,110.5242713166687
309,88.66435219999403,127.71181759999308,113.32407990833235
310,87.54355219998979,129.14302930000122,115.05404284166555
311,99.78462059999583,129.64252629999828,117.10302628333254
312,91.40188849999686,124.16845150000881,110.58144073333581
313,96.85469959999318,129.9435924999998,117.91952521666462
314,93.73072030000912,131.73900590000267,114.50005478333333
315,101.01033839999582,127.75643900000432,118.97641462500299
316,101.625237500004,144.03487999999197,120.62020985833199
317,93.84921949999989,137.20045940000273,112.03296215833204
318,97.98952499999723,132.35482140000386,119.41665949166782
319,95.65626780000457,135.52050230000168,115.60664760833363
320,92.48791830000118,124.15649390000908,110.64198414166579
321,94.23274559999118,122.23622869999963,107.46661707499759
322,91.8620682000037,134.84609939999063,118.8025135666685
323,100.7957263999997,132.96870829998807,119.5037513249966
324,100.22789249999914,138.02578809999977,113.5863704833367
325,93.71774249999726,113.54470779999974,107.19670909166598
326,93.76382950000698,124.08204500000284,108.59984061666789
327,98.50897260000056,133.62392309999268,115.92345884166691
328,101.15466379999998,131.7633472999878,112.59819402499852
329,101.03505500000028,137.3744364000013,118.73430200833415
330,92.86282429999846,128.15080800000578,114.1495087000003
331,95.28875079999852,131.0223011999915,117.11939428333305
332,100.861470799995,140.07184119999874,120.65672085833528
333,97.3217336999951,132.17038440000033,117.23066308333485
334,98.7104657000018,136.3619413000124,116.85594156667018
335,99.72594410000602,138.64404430000286,124.27641387500141
336,96.6968341999891,130.6650079999963,119.48839006666337
337,96.84795719999238,139.10133730000234,117.42918554999778
338,89.46015869999246,134.50272600000608,121.31874724999822
339,94.16749079999863,130.51718970001093,115.22023960000054
340,92.54013360000681,136.84304890000203,121.66250284999842
341,92.2292119999911,130.3688977999991,117.4049761666635
342,95.3126762000029,133.48745079999208,119.92308116666634
343,102.05858979999903,130.6614377000078,125.3380421000038
344,96.52108150000277,135.14767950000532,123.19411631666662
345,102.22411450000072,132.8991709999973,122.52609327499886
346,101.65274930000305,135.95316069999535,125.19070841666446
347,100.31702900001255,130.36769549999735,119.38453024166908
348,98.47110670000257,135.81505609999294,119.86086477499703
349,89.86466059999657,131.3340828000073,116.07903645833237
350,97.17006330000004,127.5600473999948,117.36755780833239
351,86.61853570000676,133.9995867999969,115.87499675833412
352,86.31213459999708,132.3724258000002,122.03295819999646
353,93.83625810001104,133.32551219999732,120.1143801916672
354,96.12172549999377,139.13607140000386,124.96125826666564
355,94.66517480000039,135.31518360000337,120.80379967500023
356,108.72727139999915,140.4297005999979,129.20531484999933
357,97.94335169999977,135.27692469999602,122.5002776166669
358,111.12773700000253,138.97664459999942,131.88851008333222
359,98.96391550000408,145.40111649999744,130.63577296666335
360,105.65172249999887,141.05661829999008,128.93200568333123
361,104.005387600002,141.79101789998822,127.98601508333256
362,98.5484279999946,138.7852983000048,125.90148384166848
363,101.4329851000075,140.62901370000327,126.87263602500268
364,103.0018235000025,143.37809600000037,125.33296036666677
365,104.62309970000933,142.56428710000182,131.73392885833164
366,104.88340269999753,143.17353309999453,126.4289403583316
367,98.98339510000369,142.20632460000343,127.58561314166825
368,101.2705985000066,146.84029179999197,126.66968272500162
369,105.20364160000463,140.9215633999993,127.82075114166946
370,91.61332669999683,135.46752710000146,120.89114249999936
371,97.92972369999916,127.67562120000366,116.99602782500006
372,103.96360560000176,129.45564850000665,112.47604387500178
373,89.71816109999781,138.9666634000023,118.22084009166792
374,108.56866479999735,145.65300930000376,133.62787128333244
375,93.05551589999232,147.70243230000779,129.72529859166752
376,80.94373520000954,134.2573451000062,112.3687435083375
377,105.14459690000513,139.90260080000735,131.6491738416662
378,103.02240750000055,140.53897490000236,120.30932875000265
379,101.21601180000289,121.6393526000029,113.23085314999844
380,100.73493489999964,142.01917179999873,118.08264644166532
381,92.95848190000106,141.56489870000223,118.93669433333343
382,87.25864089999232,134.67123690000153,111.38896416666466
383,96.57987339999818,143.94469720000052,114.46354435000103
384,77.76020140000037,114.77240299999539,101.21027203333627
385,84.9707219999982,122.14793380000629,102.2334673916642
386,84.67757269999129,127.43309629999567,108.24185961666444
387,82.57018890000472,115.76982059999136,108.1802799666669
388,67.93545429999358,123.1713727999886,99.47502435833303
389,78.03035580000142,113.4842132999911,103.18293153333313
390,75.47613450000063,117.0528392999986,107.27801141666593
391,89.6238056000002,121.7205113999953,108.6086814416667
392,96.93812419999449,116.79726399999345,109.28727888332894
393,83.61759949999396,123.96058230000199,105.25574224166606
394,91.202148700002,143.52551750000566,123.08450224999979
395,100.41515659999277,134.34303569998883,114.13728514999941
396,90.14728350000223,124.16286919999402,111.8446998916673
397,81.90865369999665,150.06060339999385,115.49043732499801
398,91.2726307999983,131.88827840000158,113.0830347333346
399,93.94533439999213,129.62223620001168,115.32505125833389
400,88.35461829999986,133.2761496000021,113.03066893333501
401,109.2392233999999,145.19085149999592,132.07664826666587
402,94.16926660000172,150.59399100000155,122.79775352500049
403,97.41911870001059,146.967350299994,120.48171112499888
404,103.25415810001141,132.03708970001026,118.61826025000119
405,96.23602719999326,142.0050110000011,116.68450140000034
406,103.6145719000051,131.60442719999992,115.44373990000167
407,99.55703470000299,135.78650039999047,118.79413247499906
408,94.3986631000007,148.59941150000668,117.54145198333693
409,108.31444010000268,144.03035449999152,126.94101045833425
410,94.79666740000539,156.71452619999764,121.39664211666725
411,91.71915390000504,146.42594310001004,124.48825184166829
412,99.03426980000222,142.43670100001327,125.04362677499982
413,87.32355400000233,145.26290650000738,122.16492270000163
414,107.25202360001276,149.37047480000183,131.11019126666847
415,92.74164019999444,152.36671419999038,127.52803662500082
416,104.75424579999526,147.79472879999958,127.48681374999917
417,101.97330860000511,140.96002919999592,123.4534550666637
418,105.18054899999697,152.00570529999095,126.38957241666503
419,98.1735320000007,147.68000270001357,125.10155315833254
420,87.24576469999738,139.9538048999966,115.77189999999973
421,99.15133900000365,123.05510569999751,113.94300010000006
422,95.88714999999502,140.53330650000134,119.17811485833347
423,104.5910506999935,140.0531980000087,119.68148693333205
424,99.548475100004,143.50051769999845,121.1833531166667
425,107.87341299999389,144.59020770000643,125.63066818333391
426,86.89896519998729,135.74368079999113,114.31359019166727
427,105.04184770000575,132.81151200000022,120.87715759166774
428,107.46689370000968,142.59745760000078,124.83575883333349
429,107.93010509999294,140.06297959999938,125.03819316666825
430,104.96753219999664,147.30713640000613,130.52011773333288
431,104.67067710000265,152.9686953999917,125.78760974166653
432,113.67906880000373,155.52495550000458,132.19450529166716
433,90.67960540000058,147.14856370000052,126.22100522500114
434,112.13923459999205,137.8408638999972,126.04547257499992
435,117.31348219999927,156.58821279999393,141.11172414166745
436,109.93177769999602,163.682020200009,140.64589994166576
437,114.96053440000105,166.71624290000182,141.1190059166644
438,111.31384259999322,137.72756680000748,127.34210769999966
439,118.55369879999489,162.951868499993,140.890761349999
440,105.8758194999973,155.3296377999941,128.8726382666658
441,119.27864619999309,159.43961839999247,141.87078009166362
442,121.09263260000444,159.83891819999553,141.04450910833353
443,116.99048610001046,154.29244020000624,137.8251605000005
444,113.94769279999309,163.79656899999827,140.14497019166689
445,118.89293920001364,155.39053290001175,137.1538126166682
446,120.82878009999695,154.20484160000342,139.24486639166935
447,109.95278039999539,147.29579119999835,130.44431645833416
448,114.50555829999212,156.7894016999926,138.05451057499886
449,111.6425969999982,160.24441739999747,138.38868672499908
450,123.21019080000406,169.7517863999965,146.1572222249973
451,116.75097860000096,157.308022600002,138.2630197999982
452,127.33844779999345,164.15122020000126,146.81219649999912
453,114.09016699998756,162.24773960000311,145.3294828166654
454,123.61783879999712,166.8479190999933,142.89470881666543
455,123.17693340001279,168.37175989999378,149.01711123333493
456,122.51004300000204,153.73273099999642,138.89942894999936
457,116.34368419999373,166.17187489999924,135.66499254999871
458,117.19306880001386,158.49833630000649,136.0908143166671
459,122.76941040001111,165.0297503000038,144.09838149166777
460,113.20088080001005,166.1553819999972,139.3163030583346
461,106.39652650000062,163.5106095999945,139.1194651499985
462,113.93441639999219,164.34767410000495,134.70794767499925
463,116.50862779999443,167.52467430000252,145.3024378416679
464,113.74490679999872,168.16534700000193,141.20812445000288
465,129.6297639000113,173.0814143000025,154.21926339999968
466,118.30868639999244,163.7725286999921,142.14941063333268
467,124.62027110000781,162.82827539999562,145.26921319166527
468,109.48078450000321,160.09980090000317,138.37964797500294
469,127.68687960000534,162.7797334999923,148.7523428083332
470,128.3093172999943,175.6179520000005,153.1702240083323
471,108.97348030000285,179.76654119999148,150.5510205749973
472,123.85631000000285,164.54804839999997,148.9901294166666
473,132.71736070000043,173.8916135000036,157.4889438666663
474,108.73620959999971,173.37759869999718,145.98505172499912
475,133.8690776000003,163.3409421999968,147.3767488
476,132.22197709999455,167.0725489000033,154.02101063333248
477,129.7078421999904,165.90280100000382,152.44580747500004
478,122.09271550000994,166.05517629999667,146.76197891666865
479,128.92191229999298,172.33313520000956,153.4831227583321
480,123.37131149999914,172.9980188999907,156.7253065749986
481,127.61502979999932,174.485486199992,155.0554669083334
482,129.31808640000236,172.89506009999604,159.62884268333315
483,121.72135479999997,166.44343949999893,149.52433372500187
484,128.53188559999398,178.5648591000063,157.34595220833458
485,126.00151220000407,171.7670858000056,146.98212887500145
486,115.3052483000065,170.83921890000056,144.45499927499864
487,128.90054889999737,175.42491490000975,150.93965513333265
488,124.7585287999973,174.88694609999948,151.64725157500047
489,129.26799229999597,177.8754382999905,156.21323703332988
490,120.15971300000092,165.55348260000756,143.1618012083321
491,124.74043209999218,174.1938913000049,153.4027495583323
492,128.76487499999348,174.54482549999375,157.11092790833086
493,126.61661890000687,171.56702970000333,159.1536816333343
494,127.76904299999296,172.15107279999938,160.72867447499934
495,126.11364329999196,163.20552580000367,150.58354731666623
496,121.20583380000608,175.26781479999772,145.10704181666733
497,121.77655510000477,171.80410499998834,149.75131540833172
498,126.52696360000118,172.2730171000003,157.87449056666688
499,126.54062320000958,177.85966010000266,153.20803508333483
500,124.41044099999999,177.95887149999908,149.26447319166618
501,115.95053560000088,171.18467720001354,151.71972529167033
502,124.62361469998723,172.6159214000072,151.48440242500268
503,128.8378345000092,173.492837400001,151.2453328583324
504,124.50389429999632,176.5391454000055,160.07322489166594
505,142.85816790000536,176.99396680000063,162.05990394999995
506,128.11439319999772,175.90892429999076,160.8896426499996
507,138.67447340000945,181.85864839999704,170.66738648333316
508,130.91067830000247,177.0933531000046,159.9345902249976
509,126.14997479999147,176.2621569999901,156.4012714833334
510,126.60803109999688,180.29471689999627,159.80271398333448
511,126.62428530000034,182.3243039999943,156.89887408333257
512,115.89388770000369,180.66289079999842,154.7490807000007
513,118.12996869999915,177.96118689999275,160.297363166667
514,128.3135675999947,176.80374670001038,159.7620520916668
515,131.71364590000303,180.69814269999915,163.15204338333206
516,135.7620176000055,178.54489449999528,163.31325990833406
517,119.73740759999782,177.85860870000033,156.8695025500007
518,135.64572689999477,177.12333489999583,168.37518121666653
519,130.0809070999967,183.03777699999046,160.7539291916643
520,131.12074739999662,181.31017959999735,161.06338968333148
521,136.92791519999446,179.97374220000347,162.26257739166735
522,129.3005348000006,173.36349200000404,160.07679323333164
523,135.28114929998992,176.38373220000358,162.30490105000476
524,122.4765264000016,178.03790399999707,158.80431811666858
525,128.8991032999911,175.23384130001068,161.30862103333493
526,122.95654140000988,178.7039516000077,148.0193796666681
527,138.36296759999823,179.14167050000106,168.71900105833265
528,127.08359739999287,179.3089753999957,164.5063953999961
529,124.21318109999993,171.4844987999968,151.16212946666565
530,126.98165719999815,172.89602519999607,149.9292700749999
531,120.45138109999243,175.5976742000057,153.74412979166422
532,126.59531220000645,175.0221057000017,155.42501374999847
533,124.67355760000646,172.75983889999043,143.6288609166671
534,120.84875229999307,162.8250587999937,140.0307538249981
535,119.40502370000468,175.0811839000089,154.51826528333672
536,126.63072889999603,173.08590620000905,157.91996459166816
537,137.731738699993,183.41605049998907,167.85826055000265
538,111.6710330999922,175.56211159999657,151.297105925
539,127.43573909999395,180.80647290000343,160.0057733083328
540,130.90594969999802,172.05826809999417,154.3830552666659
541,129.80863420000242,177.14753969998856,150.73110623333437
542,136.09452359999705,175.70495380001375,155.69036301666588
543,126.92998010000156,179.90170190000208,152.37972874166493
544,134.6545075000031,178.72233399999095,158.0591913916663
545,127.1043187000032,152.23203790000116,143.43337375000192
546,123.27692960000422,162.1592490000039,142.67698437500076
547,131.9552047999896,177.5435748000018,158.27372486666718
548,128.68007410000428,172.3717658000096,154.09962143333541
549,112.07358050000039,165.75280770000245,143.1054629666675
550,126.13333499999135,170.50750989999506,147.04649189166352
551,128.38964740000665,145.5298877000023,141.64754984166697
552,123.1571522999875,183.3086203999992,159.9340891499984
553,121.35761310000089,172.7804832999973,147.36580696666593
554,120.16155370000342,177.8495200000034,151.79226616666588
555,125.29413769999519,183.32157840000582,155.7985999916697
556,119.59572470000421,178.47341409999353,151.58982084166686
557,130.347801099997,163.78657470000326,145.88361657500232
558,131.01950130000478,170.0127124999999,154.06374103333656
559,142.72425670000666,180.03955919999862,160.25758435000049
560,133.1654669999989,176.4950843000115,156.36102118333415
561,119.82607529999223,183.99244299999555,153.33003909166533
562,121.07685409999976,178.62126629998966,153.16792816666324
563,122.29956210000091,155.72792380000465,146.989017099997
564,133.5259350999986,172.524828900001,154.88220800833128
565,137.2422310999973,185.98847599999863,163.37094354166766
566,129.2128620000003,190.88664090000384,154.55561012500038
567,133.47197009999945,179.07788020001317,152.3216878000009
568,129.19234740000684,167.55653800000437,150.3455375333348
569,129.7134834999888,176.58508200000506,152.3505942583312
570,126.73295279999729,181.15945350000402,158.67629670833534
571,135.835905800006,170.23012369999196,153.70744964166806
572,134.07354759999726,180.39293980000366,156.16848436666623
573,127.99517619999824,181.37340709999262,158.54168619166376
574,138.6479404999991,183.02381830000377,163.57588465833274
575,131.6602755000058,180.73474480000732,165.04388610000024
576,127.82104719999188,173.36779209999077,151.46670364166494
577,129.31677200000559,182.12959129999217,160.43623189999926
578,118.68969540001126,181.15817820001394,151.82968001666936
579,128.96795540000312,177.99371470000187,156.8987220166649
580,137.54777640000975,186.81106799999543,161.66723085833655
581,137.90490690000297,184.80093189999752,163.71392708333224
582,141.57629880000604,186.94566310000664,164.00052591666704
583,137.68812789999356,187.5759825999994,165.2671622083326
584,136.70640999999887,190.06757020000077,169.46058935833207
585,130.35769629999413,178.62897559998964,162.25135338333226
586,135.73391539999284,182.80061609999393,162.49774744999982
587,130.23736440000357,182.8386387000064,159.3549532416679
588,135.19281360000605,176.33936159999575,160.90051503333476
589,140.69443420000607,178.0032429999992,162.8039050916656
590,139.62119679999887,182.35880829999223,167.8390194416667
591,133.03233840000757,183.44570359999489,159.33793728333572
592,132.71291269999347,182.55391529999906,161.0492760749997
593,130.4311471999972,185.18546839999908,163.0222557333315
594,137.2075981000089,184.46628249999776,167.24415904166622
595,130.5826764999947,182.35671340000408,154.2947508666645
596,140.7781881999981,182.74872109999706,166.20837310833545
597,132.52285229999688,179.63743069999327,154.87214912499863
598,128.8368279000133,182.8203508000006,153.57758325000032
599,141.2228424000059,183.4270971000078,161.97462127500208
600,131.65083400000003,182.55323560000397,156.09159890000106
601,136.60404969999217,180.39218620001338,161.39109632499944
602,135.26728189999994,188.13157209999918,160.59379659166734
603,143.43614979999256,188.79151670000283,169.30362160833343
604,132.21118189999834,179.33959719999984,160.5662518166658
605,128.86734540000907,179.23051249999844,160.7245993000021
606,139.73048769999878,180.34026100000483,162.30506072500188
607,132.05525730000227,186.48790059999737,160.62692361666632
608,138.30862190001062,182.56569750001654,158.7007153916687
609,128.63382499999716,184.30666490001022,164.00179009999798
610,134.8481097999902,189.84196339998743,166.50827548332504
611,132.89267249999102,180.37471400000504,157.14921189166975
612,120.14141509999172,183.92621689999942,159.1248000916627
613,126.91876130001037,178.53064049998648,157.61845569999664
614,127.86661539998022,169.80553270000382,150.88924028333227
615,141.90479380000033,184.9286984000064,162.22748455833548
616,137.51872749999166,178.76026179999462,161.86048495833288
617,136.93524299998535,185.2122725000081,167.1091301750033
618,139.28894470000523,186.22043109999504,170.54329276666735
619,134.2870752000017,187.8267205999873,168.29344394999498
620,138.13641510001617,185.22440460001235,164.35767514999557
621,132.86408259999007,188.776007700013,167.27314349167622
622,131.2457824999874,195.40352530000382,164.15262571667213
623,137.77633480000077,190.93338619999122,178.03421560833036
624,133.49622760000057,195.34326910000527,178.6107135416702
625,133.61905039998237,189.41638000000967,168.59913739167192
626,148.8193564999965,192.15360079999664,174.14668974166852
627,140.05961310002021,193.19687950002844,172.69931625000268
628,141.12898889998905,194.33596970001236,170.67459573333085
629,138.46887140002218,191.8085156000161,167.09364320000168
630,137.34833030001028,192.5915956000099,169.53357549166444
631,144.0239419999998,195.69072520002373,176.86186990833326
632,133.75459249998676,188.50135979999322,169.48692260832954
633,141.16389339999296,199.6123585999885,166.97210240000277
634,134.05857449999894,184.37404049999896,159.70743479999996
635,134.21976619999623,187.2148584999959,161.1969680583376
636,145.94219040000462,192.7974434000207,176.32357166667256
637,137.88463250000495,191.38454410000122,171.2792583416643
638,138.46852840000065,195.85684710001806,181.50061594166618
639,137.21421229999396,195.9327851999842,179.13093533332963
640,144.39688660000684,194.00140549999196,177.72100014166548
641,147.90555850000237,196.62097690001247,184.51933744999647
642,145.81884459999856,195.40033209999092,182.61513488333244
643,142.7849288000143,202.92968380000093,183.63450702500026
644,146.56930069997907,201.0383414000098,178.15476238333213
645,142.16643509999267,193.51542670000345,177.21015224166572
646,141.0605688999931,195.1288953999756,169.29309379999904
647,152.32176360001904,204.1827495000034,177.52239091666948
648,140.81504800001858,197.75244530002237,173.87645260833474
649,135.11651180000626,198.8787253999908,182.81507270833148
650,137.78274679998867,196.4091991999885,178.34217370833116
651,133.57692829999723,196.72736229997827,177.44909372500356
652,143.06436519999988,193.54400539997732,169.77726056666629
653,130.66466080001555,200.13435420001042,179.48901647500557
654,143.3709996000107,189.62712889999966,180.16036775833103
655,147.63982029998442,202.1710276999802,184.5844540916684
656,132.6887199000048,191.27133400001912,173.30750144166814
657,133.28531110001495,193.45800549999694,176.82664760833237
658,136.42445650001173,194.79590700002154,171.94228400833526
659,146.29162909998558,193.0166871000256,176.62359890000275
660,154.72526050001034,194.30610549999983,178.14495552500497
661,136.62477399999625,199.30925260001095,173.95546566666357
662,136.13382810002076,197.0038205999881,175.76696430000206
663,164.54777830000967,247.90230859999429,215.6909672416708
664,169.80116419997648,252.40838880001684,229.75529642500382
665,163.11803339998005,242.5836087000207,215.18247112500103
666,143.95300350000616,194.361390999984,179.8460900000015
667,176.54839439998614,251.61454239999875,236.4179396749993
668,170.36250829999335,257.90526130000944,231.52444894167033
669,171.48948220000602,261.63615349997417,240.26892323333354
670,180.664015700022,259.3263461999886,226.6833348333336
671,179.76918130001286,245.2532500999805,217.17169197500334
672,143.5120101000066,205.86605199999758,172.20638755000255
673,163.5864326999872,266.7744131999789,220.00809719999475
674,175.01335379999364,270.54267450000043,238.79409005000343
675,180.16763329997775,266.64419560000533,241.42927583333707
676,173.45851119997678,258.42388029998983,231.02698660833266
677,182.370863499993,250.4576737000025,216.30435743332782
678,155.5096689000202,208.2577014999988,178.0977897750005
679,147.5581908999884,198.04720090000774,175.2605402583334
680,144.8575426999887,198.7965018999821,174.85461691666328
681,149.8760282000003,195.87315460000536,170.46564887500185
682,150.2614470999979,199.9122447000118,180.494041291667
683,144.30123230000027,196.40120930000558,169.0417330333245
684,143.59671799998614,192.70240270000068,162.30453912500525
685,145.9881519000046,190.96692450001137,168.9635377583351
686,143.30960310000228,187.63722490001237,166.03104406666534
687,156.94706599999336,195.62566279998282,181.99375835000197
688,143.4717302999925,198.5238956999965,174.19777878333116
689,138.38460719998693,191.98614459999953,173.5659074166615
690,142.9955048999982,198.25422120001167,170.5905210583369
691,144.19120430000476,186.61445579997962,162.4039434249959
692,143.68406920001144,193.96181340000476,163.69628176666689
693,150.11749590002,194.33684659999562,175.87684964166692
694,147.57572680001613,178.62610570000834,166.43797761666792
695,151.90058710001176,197.66648449999047,172.99314438333872
696,168.58556980002322,237.33252519997768,218.9264196666651
697,179.33663979999255,247.5551087000058,216.61495870000363
698,179.1391491999966,263.16898210000363,222.5636765749999
699,173.5500994999893,250.7523813000007,225.04123780833228
700,172.865899299999,251.53153500001645,237.11446526666987
701,176.93856640000013,258.11226900000474,232.75570614166645
702,187.7434099999955,252.99597099999664,235.7557071833362
703,185.47914710000623,260.5277331000252,237.46492285000326
704,140.98673789997702,196.91300450000563,168.6161278749981
705,126.30082330000005,172.09574299998349,155.66013186666532
706,137.645209099981,177.98439510000753,159.8116998333353
707,147.8827372000087,186.9904799000069,167.085084533331
708,138.9583147999947,192.9558475999802,165.31426123332494
709,131.51559640001506,197.17859629998566,173.2795990666685
710,121.63764699999592,194.7238342000055,165.6759794000027
711,138.5145772000251,205.13570620000246,170.63602691667379
712,148.3822984000144,182.01843180001015,166.01237093333717
713,142.9092845999985,186.82828549999977,166.23108049999914
714,130.303659600002,197.90733090002323,170.63457526666753
715,140.4036630000046,189.65719739999622,166.63768746666756
716,132.4630866999796,205.59587980000651,170.93896061666842
717,134.68951120000565,187.38760760001605,162.43709694166805
718,131.76189719999093,206.58094110002276,176.40365627499946
719,138.2324960999831,196.9455486999941,166.59536209999837
720,153.79988569999114,211.77136620000238,177.37393045000258
721,155.4560291999951,194.84903610000038,175.682278508335
722,148.05743610000354,193.52043930001673,170.70760020000066
723,147.15270730000339,188.40418519999366,166.28831844999755
724,155.21815230001812,199.58406519997516,179.49978674165808
725,141.70008660000167,195.51988820001134,174.36885038333276
726,144.60095150000416,200.3920947999868,176.09109152500363
727,148.19760460002,207.50200430001132,189.95067336667125
728,156.19093810001505,209.5211935999978,182.49503540832424
729,164.77920690001338,202.54479400001583,182.56479013333833
730,157.44629729998996,204.54466150002554,185.9909285666654
731,150.9375674999901,207.85948879999341,184.14405428332734
732,155.17346000002,187.56588060001377,170.81574875833516
733,150.77744909998728,209.57424950000132,186.79798491666347
734,157.5491680999985,195.9521195999987,182.8722563583336
735,160.7065350000048,207.14626400000998,191.73768108333266
736,158.75211400000262,211.09116369998083,185.62104662500255
737,157.22232569998596,207.0047522999812,181.70042247499805
738,158.68195199998445,210.70121010000003,189.23200089999833
739,155.13273759998265,211.22704780002823,183.6954528250062
740,156.1734896999842,211.7532764999778,183.81287210832912
741,155.82668810000177,213.4619063999853,194.00602329998947
742,156.46090020000702,210.42946079999092,186.54682469166679
743,148.18969410000136,218.42014080000808,190.29279499166537
744,156.37527290001162,220.87532140000258,195.1373466750059
745,156.1150943999819,217.37215239999932,188.87270317500224
746,158.88174790001358,221.50964539998677,191.63577892500084
747,154.65634889999637,210.93869779998204,181.28277874166815
748,144.9959744999942,202.867336299998,175.2458925000004
749,159.85242219999782,209.0938288999896,191.24299483333502
750,160.1199158000236,212.04132760001812,186.42456701667106
751,153.0817844000121,212.87635669999872,175.89716924166956
752,156.77072900001076,209.52267229999416,184.4878210583362
753,162.1498014999961,209.21495519997552,188.24959040833104
754,122.96583949998603,208.55197729999782,176.2440447666692
755,158.87198960001115,204.76560980000068,189.71304340833254
756,154.88656309997896,191.08111389999976,174.86331665833617
757,154.44119320000755,210.69277789999614,188.23812435833437
758,159.33451549999882,209.83615029999055,182.59530560833323
759,164.4521746999817,214.29774109998834,194.53025170000183
760,159.0880812999967,212.0019828999939,186.33950270832915
761,154.2766448999755,213.88919260000694,179.11095873333397
762,159.39821750001283,187.01608669999405,173.7088483583284
763,160.35172219999367,216.31660890000057,187.59067473333562
764,153.8461328999838,210.39417169999797,180.2570481499982
765,156.71089700001176,209.816951899993,183.59773300833572
766,168.4699597999861,213.51675420001266,196.79299234166683
767,170.1905067000189,215.71631580000394,197.98935927500375
768,165.18124459998216,211.53380840001046,185.613587816663
769,150.29522010000073,217.01274259999627,187.67714391666232
770,174.01923849998275,214.9551805999945,191.96959485000116
771,164.17283740002313,216.67538249999052,198.62006430000474
772,160.2569530000037,215.03814509999938,182.90565142500176
773,174.8051157000009,224.87439090001862,199.09144973333605
774,178.98809169998276,217.65295879999758,206.1930008416651
775,167.99580689999857,222.7912440999935,198.02187074166432
776,166.72884590001195,221.02244000000064,200.3503608083338
777,161.8889313999971,217.70190549999825,191.04101477499594
778,177.52946930000326,227.52053490001708,206.58643350833154
779,164.75275089999195,226.52785949999816,199.0273361833315
780,164.32784499999252,222.0756277999899,204.15486100832882
781,164.69405849999748,219.36826519999886,188.6848606583347
782,159.60101070001838,202.05061069998192,187.59631781666394
783,155.07578800001647,222.69750619999832,196.91639277500022
784,162.4979200999951,228.2305438000185,205.57051133333638
785,171.9506784999976,228.10762280001654,204.67953640000147
786,165.84755149998819,225.67930669998168,205.12186289999713
787,163.93730399999185,222.72808649999206,203.61716069166627
788,177.27456869999878,225.1720403000072,210.9371955916698
789,182.25583830001415,220.49481440000818,207.1480763916649
790,167.45054230000824,225.72049479998532,206.43252719166534
791,162.73351249998086,222.34857650002232,200.46085933333234
792,164.30618650000542,217.35817470002803,188.6671051416682
793,158.68258279998554,225.35998419998214,196.77478467499168
794,168.9676279000123,223.36990079999669,204.69692947500394
795,159.7444964000024,225.31058370001847,205.0023180499969
796,168.92760910000652,229.50740250002127,213.42874135000602
797,173.2349759999779,221.98605889998726,210.41323374999533
798,164.48444080000627,225.9596991999715,208.7915414083327
799,173.09206419999828,235.43238700000802,211.4284663666646
800,161.51189900000463,226.6898199999996,200.82711706666547
801,164.1420431000006,219.78475260001142,197.1443825749957
802,162.0773310000077,229.15528499998618,196.02659309999822
803,170.37238389998674,224.09094610001193,198.2745156666618
804,155.19634389999555,221.52351810000255,195.57076045833674
805,172.7633178999822,216.82644880001317,191.01363516666365
806,163.88919409998925,224.54108850000193,197.0725631666622
807,168.8926133000059,230.0146821999806,208.03993755833167
808,171.7848018000077,230.45322090000263,203.72709627499958
809,163.60242359997937,226.430085400003,202.97546679166166
810,167.7360050000134,227.41707109997515,203.16488270832633
811,172.22011419999762,235.11686439998448,205.62252359166936
812,163.49379619999672,231.03772679998656,210.5694675916675
813,164.70155719999457,226.68155219999608,203.01284617499914
814,181.0375914000033,235.83183680000366,218.4041848166647
815,169.96398679999402,233.20982530000038,212.976575799997
816,165.55732300001546,221.0785423000052,193.37979802499953
